<annotation>
	<folder>VOC2012</folder>
	<filename>2008_000009.jpg</filename>
	<source>
		<database>The VOC2008 Database</database>
		<annotation>PASCAL VOC2008</annotation>
		<image>flickr</image>
	</source>
	<size>
		<width>500</width>
		<height>375</height>
		<depth>3</depth>
	</size>
	<segmented>1</segmented>
	<object>
		<name>cow</name>
		<pose>Left</pose>
		<truncated>0</truncated>
		<occluded>0</occluded>
		<bndbox>
			<xmin>217</xmin>
			<ymin>161</ymin>
			<xmax>294</xmax>
			<ymax>221</ymax>
		</bndbox>
		<difficult>0</difficult>
	</object>
	<object>
		<name>cow</name>
		<pose>Rear</pose>
		<truncated>1</truncated>
		<occluded>0</occluded>
		<bndbox>
			<xmin>465</xmin>
			<ymin>167</ymin>
			<xmax>500</xmax>
			<ymax>218</ymax>
		</bndbox>
		<difficult>0</difficult>
	</object>
</annotation>
