<annotation>
	<folder>VOC2012</folder>
	<filename>2008_000026.jpg</filename>
	<source>
		<database>The VOC2008 Database</database>
		<annotation>PASCAL VOC2008</annotation>
		<image>flickr</image>
	</source>
	<size>
		<width>500</width>
		<height>375</height>
		<depth>3</depth>
	</size>
	<segmented>0</segmented>
	<object>
		<name>person</name>
		<pose>Frontal</pose>
		<truncated>1</truncated>
		<occluded>1</occluded>
		<bndbox>
			<xmin>122</xmin>
			<ymin>7</ymin>
			<xmax>372</xmax>
			<ymax>375</ymax>
		</bndbox>
		<part>
			<name>head</name>
			<bndbox>
				<xmin>193</xmin>
				<ymin>9</ymin>
				<xmax>286</xmax>
				<ymax>131</ymax>
			</bndbox>
		</part>
		<part>
			<name>hand</name>
			<bndbox>
				<xmin>262</xmin>
				<ymin>174</ymin>
				<xmax>325</xmax>
				<ymax>242</ymax>
			</bndbox>
		</part>
		<part>
			<name>hand</name>
			<bndbox>
				<xmin>245</xmin>
				<ymin>233</ymin>
				<xmax>300</xmax>
				<ymax>278</ymax>
			</bndbox>
		</part>
		<difficult>0</difficult>
	</object>
	<object>
		<name>dog</name>
		<pose>Unspecified</pose>
		<truncated>0</truncated>
		<occluded>1</occluded>
		<bndbox>
			<xmin>211</xmin>
			<ymin>147</ymin>
			<xmax>325</xmax>
			<ymax>255</ymax>
		</bndbox>
		<difficult>0</difficult>
	</object>
</annotation>
