<annotation>
	<folder>VOC2012</folder>
	<filename>2008_000028.jpg</filename>
	<source>
		<database>The VOC2008 Database</database>
		<annotation>PASCAL VOC2008</annotation>
		<image>flickr</image>
	</source>
	<size>
		<width>500</width>
		<height>375</height>
		<depth>3</depth>
	</size>
	<segmented>1</segmented>
	<object>
		<name>car</name>
		<pose>Unspecified</pose>
		<truncated>0</truncated>
		<occluded>0</occluded>
		<bndbox>
			<xmin>158</xmin>
			<ymin>199</ymin>
			<xmax>231</xmax>
			<ymax>240</ymax>
		</bndbox>
		<difficult>0</difficult>
	</object>
	<object>
		<name>car</name>
		<pose>Frontal</pose>
		<truncated>0</truncated>
		<occluded>0</occluded>
		<bndbox>
			<xmin>47</xmin>
			<ymin>202</ymin>
			<xmax>94</xmax>
			<ymax>238</ymax>
		</bndbox>
		<difficult>0</difficult>
	</object>
</annotation>
