<annotation>
	<folder>VOC2012</folder>
	<filename>2008_000015.jpg</filename>
	<source>
		<database>The VOC2008 Database</database>
		<annotation>PASCAL VOC2008</annotation>
		<image>flickr</image>
	</source>
	<size>
		<width>500</width>
		<height>327</height>
		<depth>3</depth>
	</size>
	<segmented>1</segmented>
	<object>
		<name>bottle</name>
		<pose>Unspecified</pose>
		<truncated>1</truncated>
		<occluded>1</occluded>
		<bndbox>
			<xmin>270</xmin>
			<ymin>1</ymin>
			<xmax>378</xmax>
			<ymax>176</ymax>
		</bndbox>
		<difficult>0</difficult>
	</object>
	<object>
		<name>bottle</name>
		<pose>Unspecified</pose>
		<truncated>1</truncated>
		<occluded>1</occluded>
		<bndbox>
			<xmin>57</xmin>
			<ymin>1</ymin>
			<xmax>164</xmax>
			<ymax>150</ymax>
		</bndbox>
		<difficult>0</difficult>
	</object>
</annotation>
