<annotation>
	<folder>VOC2012</folder>
	<filename>2008_000032.jpg</filename>
	<source>
		<database>The VOC2008 Database</database>
		<annotation>PASCAL VOC2008</annotation>
		<image>flickr</image>
	</source>
	<size>
		<width>500</width>
		<height>375</height>
		<depth>3</depth>
	</size>
	<segmented>0</segmented>
	<object>
		<name>bus</name>
		<pose>Right</pose>
		<truncated>1</truncated>
		<occluded>0</occluded>
		<bndbox>
			<xmin>6</xmin>
			<ymin>118</ymin>
			<xmax>489</xmax>
			<ymax>274</ymax>
		</bndbox>
		<difficult>0</difficult>
	</object>
	<object>
		<name>person</name>
		<pose>Unspecified</pose>
		<truncated>1</truncated>
		<occluded>0</occluded>
		<bndbox>
			<xmin>336</xmin>
			<ymin>173</ymin>
			<xmax>364</xmax>
			<ymax>224</ymax>
		</bndbox>
		<difficult>0</difficult>
	</object>
</annotation>
