<annotation>
	<folder>VOC2012</folder>
	<filename>2008_000036.jpg</filename>
	<source>
		<database>The VOC2008 Database</database>
		<annotation>PASCAL VOC2008</annotation>
		<image>flickr</image>
	</source>
	<size>
		<width>500</width>
		<height>375</height>
		<depth>3</depth>
	</size>
	<segmented>0</segmented>
	<object>
		<name>bicycle</name>
		<pose>Left</pose>
		<truncated>1</truncated>
		<occluded>0</occluded>
		<bndbox>
			<xmin>120</xmin>
			<ymin>1</ymin>
			<xmax>203</xmax>
			<ymax>35</ymax>
		</bndbox>
		<difficult>0</difficult>
	</object>
	<object>
		<name>bicycle</name>
		<pose>Left</pose>
		<truncated>1</truncated>
		<occluded>1</occluded>
		<bndbox>
			<xmin>117</xmin>
			<ymin>38</ymin>
			<xmax>273</xmax>
			<ymax>121</ymax>
		</bndbox>
		<difficult>0</difficult>
	</object>
	<object>
		<name>person</name>
		<pose>Left</pose>
		<truncated>0</truncated>
		<occluded>0</occluded>
		<bndbox>
			<xmin>206</xmin>
			<ymin>74</ymin>
			<xmax>395</xmax>
			<ymax>237</ymax>
		</bndbox>
		<difficult>0</difficult>
		<part>
			<name>head</name>
			<bndbox>
				<xmin>321</xmin>
				<ymin>75</ymin>
				<xmax>359</xmax>
				<ymax>122</ymax>
			</bndbox>
		</part>
		<part>
			<name>foot</name>
			<bndbox>
				<xmin>205</xmin>
				<ymin>183</ymin>
				<xmax>240</xmax>
				<ymax>222</ymax>
			</bndbox>
		</part>
		<part>
			<name>foot</name>
			<bndbox>
				<xmin>209</xmin>
				<ymin>208</ymin>
				<xmax>250</xmax>
				<ymax>237</ymax>
			</bndbox>
		</part>
		<part>
			<name>hand</name>
			<bndbox>
				<xmin>371</xmin>
				<ymin>204</ymin>
				<xmax>396</xmax>
				<ymax>219</ymax>
			</bndbox>
		</part>
	</object>
	<object>
		<name>boat</name>
		<pose>Left</pose>
		<truncated>1</truncated>
		<occluded>1</occluded>
		<bndbox>
			<xmin>24</xmin>
			<ymin>2</ymin>
			<xmax>500</xmax>
			<ymax>188</ymax>
		</bndbox>
		<difficult>0</difficult>
	</object>
	<object>
		<name>boat</name>
		<pose>Left</pose>
		<truncated>1</truncated>
		<occluded>1</occluded>
		<bndbox>
			<xmin>1</xmin>
			<ymin>187</ymin>
			<xmax>500</xmax>
			<ymax>282</ymax>
		</bndbox>
		<difficult>0</difficult>
	</object>
</annotation>
