<annotation>
	<folder>VOC2012</folder>
	<filename>2008_000003.jpg</filename>
	<source>
		<database>The VOC2008 Database</database>
		<annotation>PASCAL VOC2008</annotation>
		<image>flickr</image>
	</source>
	<size>
		<width>500</width>
		<height>333</height>
		<depth>3</depth>
	</size>
	<segmented>0</segmented>
	<object>
		<name>train</name>
		<pose>Unspecified</pose>
		<truncated>1</truncated>
		<occluded>0</occluded>
		<bndbox>
			<xmin>46</xmin>
			<ymin>11</ymin>
			<xmax>500</xmax>
			<ymax>333</ymax>
		</bndbox>
		<difficult>0</difficult>
	</object>
	<object>
		<name>person</name>
		<pose>Right</pose>
		<truncated>1</truncated>
		<occluded>0</occluded>
		<bndbox>
			<xmin>62</xmin>
			<ymin>190</ymin>
			<xmax>83</xmax>
			<ymax>243</ymax>
		</bndbox>
		<difficult>0</difficult>
	</object>
</annotation>
