<annotation>
	<folder>VOC2012</folder>
	<filename>2008_000023.jpg</filename>
	<source>
		<database>The VOC2008 Database</database>
		<annotation>PASCAL VOC2008</annotation>
		<image>flickr</image>
	</source>
	<size>
		<width>333</width>
		<height>500</height>
		<depth>3</depth>
	</size>
	<segmented>0</segmented>
	<object>
		<name>tvmonitor</name>
		<pose>Frontal</pose>
		<truncated>1</truncated>
		<occluded>1</occluded>
		<bndbox>
			<xmin>6</xmin>
			<ymin>1</ymin>
			<xmax>314</xmax>
			<ymax>262</ymax>
		</bndbox>
		<difficult>0</difficult>
	</object>
	<object>
		<name>bottle</name>
		<pose>Unspecified</pose>
		<truncated>1</truncated>
		<occluded>1</occluded>
		<bndbox>
			<xmin>40</xmin>
			<ymin>97</ymin>
			<xmax>121</xmax>
			<ymax>411</ymax>
		</bndbox>
		<difficult>0</difficult>
	</object>
	<object>
		<name>person</name>
		<pose>Frontal</pose>
		<truncated>1</truncated>
		<occluded>0</occluded>
		<bndbox>
			<xmin>137</xmin>
			<ymin>36</ymin>
			<xmax>169</xmax>
			<ymax>109</ymax>
		</bndbox>
		<difficult>0</difficult>
	</object>
	<object>
		<name>person</name>
		<pose>Frontal</pose>
		<truncated>1</truncated>
		<occluded>0</occluded>
		<bndbox>
			<xmin>180</xmin>
			<ymin>36</ymin>
			<xmax>216</xmax>
			<ymax>104</ymax>
		</bndbox>
		<difficult>0</difficult>
	</object>
	<object>
		<name>person</name>
		<pose>Frontal</pose>
		<truncated>1</truncated>
		<occluded>0</occluded>
		<bndbox>
			<xmin>96</xmin>
			<ymin>39</ymin>
			<xmax>123</xmax>
			<ymax>103</ymax>
		</bndbox>
		<difficult>0</difficult>
	</object>
</annotation>
