<annotation>
	<folder>VOC2012</folder>
	<filename>2008_000034.jpg</filename>
	<source>
		<database>The VOC2008 Database</database>
		<annotation>PASCAL VOC2008</annotation>
		<image>flickr</image>
	</source>
	<size>
		<width>338</width>
		<height>500</height>
		<depth>3</depth>
	</size>
	<segmented>0</segmented>
	<object>
		<name>bottle</name>
		<pose>Unspecified</pose>
		<truncated>0</truncated>
		<occluded>0</occluded>
		<bndbox>
			<xmin>6</xmin>
			<ymin>234</ymin>
			<xmax>45</xmax>
			<ymax>362</ymax>
		</bndbox>
		<difficult>0</difficult>
	</object>
	<object>
		<name>person</name>
		<pose>Unspecified</pose>
		<truncated>1</truncated>
		<occluded>1</occluded>
		<bndbox>
			<xmin>1</xmin>
			<ymin>156</ymin>
			<xmax>103</xmax>
			<ymax>336</ymax>
		</bndbox>
		<difficult>0</difficult>
	</object>
	<object>
		<name>person</name>
		<pose>Left</pose>
		<truncated>1</truncated>
		<occluded>1</occluded>
		<bndbox>
			<xmin>36</xmin>
			<ymin>111</ymin>
			<xmax>198</xmax>
			<ymax>416</ymax>
		</bndbox>
		<difficult>0</difficult>
	</object>
	<object>
		<name>person</name>
		<pose>Left</pose>
		<truncated>1</truncated>
		<occluded>0</occluded>
		<bndbox>
			<xmin>91</xmin>
			<ymin>42</ymin>
			<xmax>338</xmax>
			<ymax>500</ymax>
		</bndbox>
		<difficult>0</difficult>
		<part>
			<name>head</name>
			<bndbox>
				<xmin>203</xmin>
				<ymin>46</ymin>
				<xmax>298</xmax>
				<ymax>188</ymax>
			</bndbox>
		</part>
		<part>
			<name>hand</name>
			<bndbox>
				<xmin>110</xmin>
				<ymin>186</ymin>
				<xmax>147</xmax>
				<ymax>264</ymax>
			</bndbox>
		</part>
		<part>
			<name>hand</name>
			<bndbox>
				<xmin>129</xmin>
				<ymin>301</ymin>
				<xmax>202</xmax>
				<ymax>356</ymax>
			</bndbox>
		</part>
	</object>
</annotation>
